sum of costs,num of colliding pairs,runtime
6285,6,0.0871095
6285,6,0.0927236
6285,6,0.102542
6285,6,0.107497
6362,4,0.11541
6362,4,0.121135
6371,3,0.130577
6371,3,0.138273
6371,3,0.144384
6371,3,0.149487
6371,3,0.162393
6371,3,0.167717
6371,3,0.180103
6371,3,0.189052
6371,3,0.193516
6378,2,0.197484
6378,2,0.200255
6378,2,0.20634
6378,2,0.215232
6378,2,0.220788
6378,2,0.230916
6396,1,0.235103
6396,1,0.242712
6407,0,0.246442
